generation,min_fitness,average_fitness,max_fitness
0,0.88572836,1.1732004,1.2307135
1,1.058211,1.1527877,1.2307351
2,0.88572884,1.0684253,1.2307131
3,0.96629864,1.0684266,1.2114298
4,0.88572764,1.0716528,1.23078
