generation,min_fitness,average_fitness,max_fitness
0,1.9002366,2.0901108,2.306732
1,1.5867181,1.8422889,2.040072
